{
	"animationmode" : null,
	"children" : [],
	"controlpoint" : 
	[
		{
			"flags" : 0,
			"id" : 0,
			"offset" : "0 0 0"
		},
		{
			"flags" : 0,
			"id" : 1,
			"offset" : "0 0 0"
		},
		{
			"flags" : 0,
			"id" : 2,
			"offset" : "0 0 0"
		},
		{
			"flags" : 0,
			"id" : 3,
			"offset" : "0 0 0"
		},
		{
			"flags" : 0,
			"id" : 4,
			"offset" : "0 0 0"
		},
		{
			"flags" : 0,
			"id" : 5,
			"offset" : "0 0 0"
		},
		{
			"flags" : 0,
			"id" : 6,
			"offset" : "0 0 0"
		},
		{
			"flags" : 0,
			"id" : 7,
			"offset" : "0 0 0"
		}
	],
	"emitter" : 
	[
		{
			"directions" : "1 1 0",
			"distancemax" : 0,
			"distancemin" : 0,
			"id" : 5,
			"name" : "sphererandom",
			"origin" : "0 0 0",
			"rate" : 1
		}
	],
	"flags" : 0,
	"initializer" : 
	[
		{
			"id" : 2,
			"max" : 2,
			"min" : 2,
			"name" : "lifetimerandom"
		},
		{
			"id" : 3,
			"max" : 650,
			"min" : 650,
			"name" : "sizerandom"
		},
		{
			"id" : 4,
			"max" : "0 0 -3.141",
			"min" : "0 0 -3.141",
			"name" : "angularvelocityrandom"
		}
	],
	"material" : "materials/presets/magic_pulse.json",
	"maxcount" : 16,
	"operator" : 
	[
		{
			"gravity" : "0 0 0",
			"id" : 6,
			"name" : "movement"
		},
		{
			"fadeintime" : 0.5,
			"fadeouttime" : 0.5,
			"id" : 7,
			"name" : "alphafade"
		},
		{
			"force" : "0 0 0",
			"id" : 8,
			"name" : "angularmovement"
		},
		{
			"endtime" : 1,
			"endvalue" : 2,
			"id" : 9,
			"name" : "sizechange",
			"startvalue" : 0
		}
	],
	"renderer" : 
	[
		{
			"axis" : "0 0 0",
			"id" : 1,
			"name" : "sprite",
			"orientation" : "screen"
		}
	],
	"sequencemultiplier" : null,
	"starttime" : 2
}