{
	"animationmode" : null,
	"children" : null,
	"controlpoint" : 
	[
		{
			"flags" : 0,
			"id" : 0,
			"offset" : "0 0 0"
		},
		{
			"flags" : 0,
			"id" : 1,
			"offset" : "0 0 0"
		},
		{
			"flags" : 0,
			"id" : 2,
			"offset" : "0 0 0"
		},
		{
			"flags" : 0,
			"id" : 3,
			"offset" : "0 0 0"
		},
		{
			"flags" : 0,
			"id" : 4,
			"offset" : "0 0 0"
		},
		{
			"flags" : 0,
			"id" : 5,
			"offset" : "0 0 0"
		},
		{
			"flags" : 0,
			"id" : 6,
			"offset" : "0 0 0"
		},
		{
			"flags" : 0,
			"id" : 7,
			"offset" : "0 0 0"
		}
	],
	"emitter" : 
	[
		{
			"directions" : "1 0.03 0",
			"distancemax" : 0,
			"distancemin" : 0,
			"id" : 6,
			"name" : "sphererandom",
			"origin" : "0 0 0",
			"rate" : 10
		}
	],
	"flags" : null,
	"initializer" : 
	[
		{
			"id" : 2,
			"max" : 0.5,
			"min" : 0.20000000000000001,
			"name" : "lifetimerandom"
		},
		{
			"id" : 3,
			"max" : 750,
			"min" : 350,
			"name" : "sizerandom"
		},
		{
			"id" : 4,
			"max" : "170 110 40",
			"min" : "110 92 20",
			"name" : "colorrandom"
		},
		{
			"id" : 5,
			"max" : "0 0 6.283",
			"name" : "rotationrandom"
		}
	],
	"material" : "materials/presets/magic_charge_rays.json",
	"maxcount" : 8,
	"operator" : 
	[
		{
			"gravity" : "0 0 0",
			"id" : 7,
			"name" : "movement"
		},
		{
			"fadeintime" : 0.10000000000000001,
			"id" : 8,
			"name" : "alphafade"
		},
		{
			"endvalue" : 1.5,
			"id" : 9,
			"name" : "sizechange",
			"startvalue" : 0
		}
	],
	"renderer" : 
	[
		{
			"id" : 1,
			"name" : "sprite"
		}
	],
	"sequencemultiplier" : null,
	"starttime" : 15
}