{
	"animationmode" : null,
	"children" : 
	[
		{
			"id" : 10,
			"name" : "particles/presets/magic_glyphs_0_swirl.json"
		},
		{
			"id" : 11,
			"name" : "particles/presets/magic_glyphs_0_swirl.json",
			"scale" : "0.55 0.55 0.55"
		}
	],
	"controlpoint" : 
	[
		{
			"flags" : 0,
			"id" : 0,
			"offset" : "0 0 0"
		},
		{
			"flags" : 0,
			"id" : 1,
			"offset" : "0 0 0"
		},
		{
			"flags" : 0,
			"id" : 2,
			"offset" : "0 0 0"
		},
		{
			"flags" : 0,
			"id" : 3,
			"offset" : "0 0 0"
		},
		{
			"flags" : 0,
			"id" : 4,
			"offset" : "0 0 0"
		},
		{
			"flags" : 0,
			"id" : 5,
			"offset" : "0 0 0"
		},
		{
			"flags" : 0,
			"id" : 6,
			"offset" : "0 0 0"
		},
		{
			"flags" : 0,
			"id" : 7,
			"offset" : "0 0 0"
		}
	],
	"emitter" : 
	[
		{
			"directions" : "1 1 0",
			"distancemax" : 0,
			"distancemin" : 0,
			"id" : 5,
			"name" : "sphererandom",
			"origin" : "0 0 0",
			"rate" : 100
		}
	],
	"flags" : 0,
	"initializer" : 
	[
		{
			"id" : 2,
			"max" : 2,
			"min" : 2,
			"name" : "lifetimerandom"
		},
		{
			"id" : 3,
			"max" : 600,
			"min" : 600,
			"name" : "sizerandom"
		},
		{
			"id" : 4,
			"max" : "0 0 3.141",
			"min" : "0 0 3.141",
			"name" : "angularvelocityrandom"
		}
	],
	"material" : "materials/presets/magic_glyph_0.json",
	"maxcount" : 1,
	"operator" : 
	[
		{
			"gravity" : "0 0 0",
			"id" : 6,
			"name" : "movement"
		},
		{
			"fadeintime" : 0.10000000000000001,
			"fadeouttime" : 0.10000000000000001,
			"id" : 7,
			"name" : "alphafade"
		},
		{
			"force" : "0 0 0",
			"id" : 8,
			"name" : "angularmovement"
		},
		{
			"endvalue" : "1 0.8352941176470589 0.5725490196078431",
			"id" : 9,
			"name" : "colorchange",
			"startvalue" : "1 0.5137254901960784 0.5137254901960784"
		}
	],
	"renderer" : 
	[
		{
			"axis" : "0 0 0",
			"id" : 1,
			"name" : "sprite",
			"orientation" : "screen"
		}
	],
	"sequencemultiplier" : null,
	"starttime" : 2
}