{
	"animationmode" : null,
	"children" : 
	[
		{
			"id" : 9,
			"name" : "particles/presets/magic_charge_rays.json"
		}
	],
	"controlpoint" : 
	[
		{
			"flags" : 0,
			"id" : 0,
			"offset" : "0 0 0"
		},
		{
			"flags" : 0,
			"id" : 1,
			"offset" : "0 0 0"
		},
		{
			"flags" : 0,
			"id" : 2,
			"offset" : "0 0 0"
		},
		{
			"flags" : 0,
			"id" : 3,
			"offset" : "0 0 0"
		},
		{
			"flags" : 0,
			"id" : 4,
			"offset" : "0 0 0"
		},
		{
			"flags" : 0,
			"id" : 5,
			"offset" : "0 0 0"
		},
		{
			"flags" : 0,
			"id" : 6,
			"offset" : "0 0 0"
		},
		{
			"flags" : 0,
			"id" : 7,
			"offset" : "0 0 0"
		}
	],
	"emitter" : 
	[
		{
			"directions" : "1 1 0",
			"distancemax" : 16,
			"distancemin" : 0,
			"id" : 5,
			"name" : "sphererandom",
			"origin" : "0 0 0",
			"rate" : 20
		}
	],
	"flags" : null,
	"initializer" : 
	[
		{
			"id" : 2,
			"max" : 1,
			"min" : 0.69999999999999996,
			"name" : "lifetimerandom"
		},
		{
			"exponent" : 5,
			"id" : 3,
			"max" : 450,
			"min" : 50,
			"name" : "sizerandom"
		},
		{
			"id" : 4,
			"max" : "255 231 47",
			"min" : "255 255 255",
			"name" : "colorrandom"
		}
	],
	"material" : "materials/presets/magic_charge.json",
	"maxcount" : 32,
	"operator" : 
	[
		{
			"gravity" : "0 0 0",
			"id" : 6,
			"name" : "movement"
		},
		{
			"endtime" : 0.5,
			"endvalue" : 1,
			"id" : 7,
			"name" : "sizechange",
			"startvalue" : 0
		},
		{
			"id" : 8,
			"name" : "sizechange",
			"starttime" : 0.5
		}
	],
	"renderer" : 
	[
		{
			"id" : 1,
			"name" : "sprite"
		}
	],
	"sequencemultiplier" : null,
	"starttime" : 0
}