{
	"animationmode" : null,
	"children" : null,
	"controlpoint" : 
	[
		{
			"flags" : 0,
			"id" : 0,
			"offset" : "0 0 0"
		},
		{
			"flags" : 0,
			"id" : 1,
			"offset" : "0 0 0"
		},
		{
			"flags" : 0,
			"id" : 2,
			"offset" : "0 0 0"
		},
		{
			"flags" : 0,
			"id" : 3,
			"offset" : "0 0 0"
		},
		{
			"flags" : 0,
			"id" : 4,
			"offset" : "0 0 0"
		},
		{
			"flags" : 0,
			"id" : 5,
			"offset" : "0 0 0"
		},
		{
			"flags" : 0,
			"id" : 6,
			"offset" : "0 0 0"
		},
		{
			"flags" : 0,
			"id" : 7,
			"offset" : "0 0 0"
		}
	],
	"emitter" : 
	[
		{
			"directions" : "1 0 1",
			"distancemax" : 1024,
			"distancemin" : 0,
			"id" : 6,
			"name" : "sphererandom",
			"origin" : "0 768 0",
			"rate" : 400
		}
	],
	"flags" : 4,
	"initializer" : 
	[
		{
			"id" : 2,
			"max" : 0.5,
			"min" : 0.5,
			"name" : "lifetimerandom"
		},
		{
			"id" : 3,
			"max" : 5,
			"min" : 5,
			"name" : "sizerandom"
		},
		{
			"id" : 4,
			"max" : "0 -3000 0",
			"min" : "0 -3000 0",
			"name" : "velocityrandom"
		},
		{
			"id" : 5,
			"max" : 0.29999999999999999,
			"min" : 0.050000000000000003,
			"name" : "alpharandom"
		}
	],
	"material" : "materials/presets/rainperspective.json",
	"maxcount" : 512,
	"operator" : 
	[
		{
			"gravity" : "0 0 0",
			"id" : 7,
			"name" : "movement"
		}
	],
	"renderer" : 
	[
		{
			"id" : 1,
			"length" : 0.0050000000000000001,
			"maxlength" : 100,
			"name" : "spritetrail"
		}
	],
	"sequencemultiplier" : null,
	"starttime" : 0
}