{
	"children" : null,
	"controlpoint" : 
	[
		{
			"flags" : 0,
			"id" : 0,
			"offset" : "0 0 0"
		},
		{
			"flags" : 0,
			"id" : 1,
			"offset" : "0 0 0"
		},
		{
			"flags" : 0,
			"id" : 2,
			"offset" : "0 0 0"
		},
		{
			"flags" : 0,
			"id" : 3,
			"offset" : "0 0 0"
		},
		{
			"flags" : 0,
			"id" : 4,
			"offset" : "0 0 0"
		},
		{
			"flags" : 0,
			"id" : 5,
			"offset" : "0 0 0"
		},
		{
			"flags" : 0,
			"id" : 6,
			"offset" : "0 0 0"
		},
		{
			"flags" : 0,
			"id" : 7,
			"offset" : "0 0 0"
		}
	],
	"emitter" : 
	[
		{
			"distancemax" : 32,
			"id" : 6,
			"name" : "sphererandom",
			"rate" : 1
		}
	],
	"flags" : null,
	"initializer" : 
	[
		{
			"id" : 2,
			"max" : 5,
			"min" : 3,
			"name" : "lifetimerandom"
		},
		{
			"id" : 3,
			"max" : 1000,
			"min" : 500,
			"name" : "sizerandom"
		},
		{
			"id" : 4,
			"max" : "255 221 155",
			"min" : "255 196 175",
			"name" : "colorrandom"
		},
		{
			"exponent" : 2,
			"id" : 5,
			"max" : 0.20000000000000001,
			"min" : 0.10000000000000001,
			"name" : "alpharandom"
		},
		{
			"id" : 9,
			"name" : "turbulentvelocityrandom",
			"offset" : -0.10000000000000001,
			"scale" : 0.29999999999999999,
			"speedmax" : 50,
			"speedmin" : 0
		}
	],
	"material" : "materials/presets/emberglow_small.json",
	"maxcount" : 500,
	"operator" : 
	[
		{
			"gravity" : "0 0 0",
			"id" : 7,
			"name" : "movement"
		},
		{
			"fadeintime" : 0.5,
			"id" : 8,
			"name" : "alphafade"
		}
	],
	"renderer" : 
	[
		{
			"id" : 1,
			"name" : "sprite"
		}
	],
	"starttime" : 3
}