{
	"animationmode" : null,
	"children" : null,
	"controlpoint" : 
	[
		{
			"flags" : 0,
			"id" : 0,
			"offset" : "0 0 0"
		},
		{
			"flags" : 1,
			"id" : 1,
			"offset" : "0 0 0"
		},
		{
			"flags" : 0,
			"id" : 2,
			"offset" : "0 0 0"
		},
		{
			"flags" : 0,
			"id" : 3,
			"offset" : "0 0 0"
		},
		{
			"flags" : 0,
			"id" : 4,
			"offset" : "0 0 0"
		},
		{
			"flags" : 0,
			"id" : 5,
			"offset" : "0 0 0"
		},
		{
			"flags" : 0,
			"id" : 6,
			"offset" : "0 0 0"
		},
		{
			"flags" : 0,
			"id" : 7,
			"offset" : "0 0 0"
		}
	],
	"emitter" : 
	[
		{
			"directions" : "1 1 0",
			"distancemax" : 64,
			"distancemin" : 0,
			"id" : 7,
			"name" : "sphererandom",
			"origin" : "0 0 0",
			"rate" : 15
		}
	],
	"flags" : null,
	"initializer" : 
	[
		{
			"id" : 2,
			"max" : 5,
			"min" : 3,
			"name" : "lifetimerandom"
		},
		{
			"id" : 3,
			"max" : 200,
			"min" : 50,
			"name" : "sizerandom"
		},
		{
			"id" : 4,
			"max" : "50 50 0",
			"min" : "-50 -50 0",
			"name" : "velocityrandom"
		},
		{
			"id" : 5,
			"max" : "255 255 255",
			"min" : "255 255 255",
			"name" : "colorrandom"
		},
		{
			"id" : 6,
			"name" : "turbulentvelocityrandom",
			"scale" : 0.29999999999999999
		}
	],
	"material" : "materials/presets/bubbles1.json",
	"maxcount" : 50,
	"operator" : 
	[
		{
			"drag" : 0.10000000000000001,
			"gravity" : "0 50 0",
			"id" : 8,
			"name" : "movement"
		},
		{
			"fadeintime" : 0.5,
			"id" : 9,
			"name" : "alphafade"
		},
		{
			"controlpoint" : 1,
			"id" : 10,
			"name" : "controlpointattract",
			"scale" : -300
		}
	],
	"renderer" : 
	[
		{
			"id" : 1,
			"name" : "sprite"
		}
	],
	"sequencemultiplier" : 2,
	"starttime" : 0
}