{
	"name" : "ui_editor_preset_fireflies_particles_title",
	"description" : "ui_editor_preset_fireflies_particles_description",
	"tag" : "scene2d",
	"group" : "preset",
	"preview" : "preview/project.json",
	"objects" :
	[
		{
			"angles" : "0.000 0.000 0.000",
			"name" : "Fireflies",
			"origin" : "0.000 0.000 0.000",
			"particle" : "particles/presets/fireflies.json",
			"scale" : "1.000 1.000 1.000"
		}
	],
	"dependencies" :
	[
		"materials/presets/fireflies.json",
		"materials/presets/firefliestrail.json",
		"particles/presets/fireflies.json",
		"particles/presets/firefliestrail.json"
	]
}