{
	"name" : "ui_editor_preset_foliage_title",
	"description" : "ui_editor_preset_foliage_description",
	"tag" : "scene2d",
	"group" : "preset",
	"preview" : "preview/project.json",
	"objects" :
	[
		{
			"name" : "Fern",
			"angles" : "0.000 0.000 0.000",
			"effects" : 
			[
				{
					"file" : "effects/foliagesway/effect.json",
					"passes" : 
					[
						{
							"constantshadervalues" : 
							{
								"Phase" : 0,
								"Power" : 1.4199999570846558,
								"Speed" : 2.2699999809265137,
								"Strength" : 15
							}
						}
					]
				}
			],
			"image" : "models/presets/fern1.json",
			"origin" : "0.000 0.000 0.000",
			"scale" : "1.000 1.000 1.000"
		}
	],
	"dependencies" :
	[
		"materials/presets/fern1.json",
		"materials/presets/fern1.tga",
		"models/presets/fern1.json",
		{
			"node" : "effect",
			"file" : "effects/foliagesway/effect.json"
		}
	]
}