{
	"animationmode" : null,
	"children" : null,
	"controlpoint" : 
	[
		{
			"flags" : 0,
			"id" : 0,
			"offset" : "0 0 0"
		},
		{
			"flags" : 1,
			"id" : 1,
			"offset" : "0 0 0"
		},
		{
			"flags" : 0,
			"id" : 2,
			"offset" : "0 0 0"
		},
		{
			"flags" : 0,
			"id" : 3,
			"offset" : "0 0 0"
		},
		{
			"flags" : 0,
			"id" : 4,
			"offset" : "0 0 0"
		},
		{
			"flags" : 0,
			"id" : 5,
			"offset" : "0 0 0"
		},
		{
			"flags" : 0,
			"id" : 6,
			"offset" : "0 0 0"
		},
		{
			"flags" : 0,
			"id" : 7,
			"offset" : "0 0 0"
		}
	],
	"emitter" : 
	[
		{
			"directions" : "1 1 0",
			"distancemax" : 512,
			"distancemin" : 0,
			"id" : 5,
			"name" : "sphererandom",
			"origin" : "0 0 0",
			"rate" : 32
		}
	],
	"flags" : null,
	"initializer" : 
	[
		{
			"id" : 2,
			"max" : 1,
			"min" : 1,
			"name" : "lifetimerandom"
		},
		{
			"id" : 3,
			"max" : 15,
			"min" : 10,
			"name" : "sizerandom"
		},
		{
			"id" : 4,
			"max" : "130 178 255",
			"min" : "190 226 255",
			"name" : "colorrandom"
		}
	],
	"material" : "materials/presets/trail_2.json",
	"maxcount" : 128,
	"operator" : 
	[
		{
			"drag" : 0.5,
			"gravity" : "0 -500 0",
			"id" : 6,
			"name" : "movement"
		},
		{
			"fadeintime" : 0.10000000000000001,
			"fadeouttime" : 0.10000000000000001,
			"id" : 7,
			"name" : "alphafade"
		},
		{
			"controlpoint" : 1,
			"id" : 8,
			"name" : "controlpointattract",
			"origin" : "0 0 0",
			"scale" : -2048,
			"threshold" : 128
		}
	],
	"renderer" : 
	[
		{
			"id" : 1,
			"length" : 0.5,
			"name" : "ropetrail"
		}
	],
	"sequencemultiplier" : null,
	"starttime" : 0
}