{
	"children" : null,
	"controlpoint" : 
	[
		{
			"flags" : 0,
			"id" : 0,
			"offset" : "0 0 0"
		},
		{
			"flags" : 0,
			"id" : 1,
			"offset" : "0 0 0"
		},
		{
			"flags" : 0,
			"id" : 2,
			"offset" : "0 0 0"
		},
		{
			"flags" : 0,
			"id" : 3,
			"offset" : "0 0 0"
		},
		{
			"flags" : 0,
			"id" : 4,
			"offset" : "0 0 0"
		},
		{
			"flags" : 0,
			"id" : 5,
			"offset" : "0 0 0"
		},
		{
			"flags" : 0,
			"id" : 6,
			"offset" : "0 0 0"
		},
		{
			"flags" : 0,
			"id" : 7,
			"offset" : "0 0 0"
		}
	],
	"emitter" : 
	[
		{
			"directions" : "1 0.5 0",
			"distancemax" : 16,
			"distancemin" : 0,
			"id" : 7,
			"instantaneous" : 50,
			"name" : "sphererandom",
			"origin" : "0 0 0",
			"rate" : 0,
			"speedmax" : 800,
			"speedmin" : 500
		}
	],
	"flags" : 1,
	"initializer" : 
	[
		{
			"exponent" : 1,
			"id" : 2,
			"max" : 1.1000000000000001,
			"min" : 0.90000000000000002,
			"name" : "lifetimerandom"
		},
		{
			"id" : 3,
			"max" : 90,
			"min" : 70,
			"name" : "sizerandom"
		},
		{
			"exponent" : 1,
			"id" : 4,
			"max" : "76 121 255",
			"min" : "112 186 255",
			"name" : "colorrandom"
		},
		{
			"id" : 5,
			"name" : "rotationrandom"
		},
		{
			"id" : 6,
			"name" : "angularvelocityrandom"
		}
	],
	"material" : "materials/presets/fireworks_star.json",
	"maxcount" : 50,
	"operator" : 
	[
		{
			"drag" : 4,
			"gravity" : "0 -400 0",
			"id" : 8,
			"name" : "movement"
		},
		{
			"force" : "0 0 0",
			"id" : 9,
			"name" : "angularmovement"
		},
		{
			"id" : 10,
			"name" : "sizechange",
			"starttime" : 0.80000000000000004
		},
		{
			"blendinend" : 0,
			"blendinstart" : 0,
			"frequencymax" : 30,
			"frequencymin" : 30,
			"id" : 11,
			"name" : "oscillatealpha",
			"phasemax" : 0.10000000000000001,
			"scalemin" : 0
		},
		{
			"endtime" : 0.59999999999999998,
			"endvalue" : 1,
			"id" : 12,
			"name" : "alphachange",
			"starttime" : 0.5,
			"startvalue" : 0
		}
	],
	"renderer" : 
	[
		{
			"id" : 1,
			"name" : "sprite"
		}
	],
	"starttime" : 0
}