{
	"children" : 
	[
		{
			"name" : "particles/presets/fireworkshitdistort.json",
			"type" : "eventdeath"
		},
		{
			"id" : 10,
			"name" : "particles/presets/fireworks1flare.json",
			"type" : "eventdeath"
		},
		{
			"id" : 11,
			"name" : "particles/presets/fireworks1hit.json",
			"type" : "eventdeath"
		}
	],
	"controlpoint" : 
	[
		{
			"flags" : 0,
			"id" : 0,
			"offset" : "0 0 0"
		},
		{
			"flags" : 0,
			"id" : 1,
			"offset" : "0 0 0"
		},
		{
			"flags" : 0,
			"id" : 2,
			"offset" : "0 0 0"
		},
		{
			"flags" : 0,
			"id" : 3,
			"offset" : "0 0 0"
		},
		{
			"flags" : 0,
			"id" : 4,
			"offset" : "0 0 0"
		},
		{
			"flags" : 0,
			"id" : 5,
			"offset" : "0 0 0"
		},
		{
			"flags" : 0,
			"id" : 6,
			"offset" : "0 0 0"
		},
		{
			"flags" : 0,
			"id" : 7,
			"offset" : "0 0 0"
		}
	],
	"emitter" : 
	[
		{
			"directions" : "1 1 0",
			"distancemax" : 0,
			"distancemin" : 0,
			"id" : 6,
			"instantaneous" : 0,
			"name" : "sphererandom",
			"origin" : "0 0 0",
			"rate" : 0.6
		}
	],
	"flags" : 0,
	"initializer" : 
	[
		{
			"id" : 2,
			"max" : 1,
			"min" : 0.80000000000000004,
			"name" : "lifetimerandom"
		},
		{
			"id" : 3,
			"max" : 500,
			"min" : 400,
			"name" : "sizerandom"
		},
		{
			"id" : 4,
			"max" : "1000 3500 0",
			"min" : "-1000 2500 0",
			"name" : "velocityrandom"
		},
		{
			"id" : 5,
			"max" : "255 240 128",
			"min" : "255 250 85",
			"name" : "colorrandom"
		}
	],
	"material" : "materials/presets/fireworks_halo_4.json",
	"maxcount" : 4,
	"operator" : 
	[
		{
			"drag" : 4,
			"gravity" : "0 -1000 0",
			"id" : 7,
			"name" : "movement"
		},
		{
			"endvalue" : 0.050000000000000003,
			"id" : 8,
			"name" : "sizechange"
		},
		{
			"frequencymax" : 50,
			"frequencymin" : 20,
			"id" : 9,
			"name" : "oscillatealpha",
			"scalemin" : 0.20000000000000001
		}
	],
	"renderer" : 
	[
		{
			"id" : 1,
			"name" : "sprite"
		}
	],
	"starttime" : 0
}