{
	"children" : null,
	"controlpoint" : 
	[
		{
			"flags" : 0,
			"id" : 0,
			"offset" : "0 0 0"
		},
		{
			"flags" : 0,
			"id" : 1,
			"offset" : "0 0 0"
		},
		{
			"flags" : 0,
			"id" : 2,
			"offset" : "0 0 0"
		},
		{
			"flags" : 0,
			"id" : 3,
			"offset" : "0 0 0"
		},
		{
			"flags" : 0,
			"id" : 4,
			"offset" : "0 0 0"
		},
		{
			"flags" : 0,
			"id" : 5,
			"offset" : "0 0 0"
		},
		{
			"flags" : 0,
			"id" : 6,
			"offset" : "0 0 0"
		},
		{
			"flags" : 0,
			"id" : 7,
			"offset" : "0 0 0"
		}
	],
	"emitter" : 
	[
		{
			"directions" : "1 1 0",
			"distancemax" : 16,
			"distancemin" : 0,
			"id" : 5,
			"instantaneous" : 200,
			"name" : "sphererandom",
			"origin" : "0 0 0",
			"rate" : 0,
			"speedmax" : 750,
			"speedmin" : 400
		}
	],
	"flags" : 1,
	"initializer" : 
	[
		{
			"exponent" : 1,
			"id" : 2,
			"max" : 1.5,
			"min" : 0.80000000000000004,
			"name" : "lifetimerandom"
		},
		{
			"id" : 3,
			"max" : 20,
			"min" : 10,
			"name" : "sizerandom"
		},
		{
			"exponent" : 1,
			"id" : 4,
			"max" : "255 250 76",
			"min" : "255 238 112",
			"name" : "colorrandom"
		}
	],
	"material" : "materials/presets/fireworks_halo.json",
	"maxcount" : 200,
	"operator" : 
	[
		{
			"drag" : 4,
			"gravity" : "0 -400 0",
			"id" : 6,
			"name" : "movement"
		},
		{
			"id" : 7,
			"name" : "sizechange",
			"starttime" : 0.80000000000000004
		},
		{
			"blendinend" : 0.59999999999999998,
			"blendinstart" : 0.5,
			"frequencymax" : 30,
			"frequencymin" : 30,
			"id" : 8,
			"name" : "oscillatealpha",
			"phasemax" : 0.10000000000000001,
			"scalemin" : 0
		}
	],
	"renderer" : 
	[
		{
			"id" : 1,
			"name" : "sprite"
		}
	],
	"starttime" : 0
}