{
	"children" : null,
	"controlpoint" : 
	[
		{
			"flags" : 0,
			"id" : 0,
			"offset" : "0 0 0"
		},
		{
			"flags" : 0,
			"id" : 1,
			"offset" : "0 0 0"
		},
		{
			"flags" : 0,
			"id" : 2,
			"offset" : "0 0 0"
		},
		{
			"flags" : 0,
			"id" : 3,
			"offset" : "0 0 0"
		},
		{
			"flags" : 0,
			"id" : 4,
			"offset" : "0 0 0"
		},
		{
			"flags" : 0,
			"id" : 5,
			"offset" : "0 0 0"
		},
		{
			"flags" : 0,
			"id" : 6,
			"offset" : "0 0 0"
		},
		{
			"flags" : 0,
			"id" : 7,
			"offset" : "0 0 0"
		}
	],
	"emitter" : 
	[
		{
			"directions" : "1 1 0",
			"distancemax" : 16,
			"distancemin" : 0,
			"id" : 5,
			"instantaneous" : 150,
			"name" : "sphererandom",
			"origin" : "0 0 0",
			"rate" : 0,
			"speedmax" : 1500
		}
	],
	"flags" : 1,
	"initializer" : 
	[
		{
			"exponent" : 10,
			"id" : 2,
			"max" : 1.5,
			"min" : 0.5,
			"name" : "lifetimerandom"
		},
		{
			"id" : 3,
			"max" : 10,
			"min" : 5,
			"name" : "sizerandom"
		},
		{
			"exponent" : 1,
			"id" : 4,
			"max" : "255 127 7",
			"min" : "255 75 23",
			"name" : "colorrandom"
		}
	],
	"material" : "materials/presets/fireworks_halo.json",
	"maxcount" : 150,
	"operator" : 
	[
		{
			"drag" : 3.5,
			"gravity" : "0 -1000 0",
			"id" : 6,
			"name" : "movement"
		},
		{
			"id" : 7,
			"name" : "sizechange",
			"starttime" : 0.5
		}
	],
	"renderer" : 
	[
		{
			"id" : 1,
			"name" : "spritetrail"
		}
	],
	"starttime" : 0
}