{
	"name" : "ui_editor_preset_ember_title",
	"description" : "ui_editor_preset_ember_description",
	"tag" : "scene2d",
	"group" : "preset",
	//"preview" : "preview/project.json",
	"objects" :
	[
		{
			"angles" : "0.000 0.000 0.000",
			"name" : "Rain",
			"origin" : "0.000 0.000 0.000",
			"particle" : "particles/presets/ember.json",
			"scale" : "1.000 1.000 1.000"
		}
	],
	"dependencies" :
	[
		"materials/presets/ember.json",
		"materials/presets/emberglow.json",
		"particles/presets/ember.json",
		"particles/presets/emberglow.json"
	]
}