{
	"animationmode" : null,
	"children" : null,
	"controlpoint" : 
	[
		{
			"flags" : 0,
			"id" : 0,
			"offset" : "0 0 0"
		},
		{
			"flags" : 0,
			"id" : 1,
			"offset" : "0 0 0"
		},
		{
			"flags" : 0,
			"id" : 2,
			"offset" : "0 0 0"
		},
		{
			"flags" : 0,
			"id" : 3,
			"offset" : "0 0 0"
		},
		{
			"flags" : 0,
			"id" : 4,
			"offset" : "0 0 0"
		},
		{
			"flags" : 0,
			"id" : 5,
			"offset" : "0 0 0"
		},
		{
			"flags" : 0,
			"id" : 6,
			"offset" : "0 0 0"
		},
		{
			"flags" : 0,
			"id" : 7,
			"offset" : "0 0 0"
		}
	],
	"emitter" : 
	[
		{
			"directions" : "1 1 0",
			"distancemax" : 0,
			"distancemin" : 0,
			"id" : 5,
			"name" : "sphererandom",
			"origin" : "0 0 0",
			"rate" : 20
		}
	],
	"flags" : null,
	"initializer" : 
	[
		{
			"id" : 2,
			"max" : 0.59999999999999998,
			"min" : 0.20000000000000001,
			"name" : "lifetimerandom"
		},
		{
			"id" : 3,
			"max" : 1000,
			"min" : 350,
			"name" : "sizerandom"
		},
		{
			"id" : 4,
			"max" : "255 93 58",
			"min" : "255 71 71",
			"name" : "colorrandom"
		}
	],
	"material" : "materials/presets/magic_vortex_glow.json",
	"maxcount" : 500,
	"operator" : 
	[
		{
			"fadeintime" : 0.5,
			"id" : 6,
			"name" : "alphafade"
		},
		{
			"endvalue" : 1,
			"id" : 7,
			"name" : "sizechange",
			"startvalue" : 0
		}
	],
	"renderer" : 
	[
		{
			"id" : 1,
			"name" : "sprite"
		}
	],
	"sequencemultiplier" : null,
	"starttime" : 0
}