{
	"animationmode" : null,
	"children" : 
	[
		{
			"id" : 11,
			"name" : "particles/presets/magic_vortex_glow.json"
		}
	],
	"controlpoint" : 
	[
		{
			"flags" : 0,
			"id" : 0,
			"offset" : "0 0 0"
		},
		{
			"flags" : 0,
			"id" : 1,
			"offset" : "0 0 0"
		},
		{
			"flags" : 0,
			"id" : 2,
			"offset" : "0 0 0"
		},
		{
			"flags" : 0,
			"id" : 3,
			"offset" : "0 0 0"
		},
		{
			"flags" : 0,
			"id" : 4,
			"offset" : "0 0 0"
		},
		{
			"flags" : 0,
			"id" : 5,
			"offset" : "0 0 0"
		},
		{
			"flags" : 0,
			"id" : 6,
			"offset" : "0 0 0"
		},
		{
			"flags" : 0,
			"id" : 7,
			"offset" : "0 0 0"
		}
	],
	"emitter" : 
	[
		{
			"directions" : "1 1 0",
			"distancemax" : 32,
			"distancemin" : 32,
			"id" : 6,
			"name" : "sphererandom",
			"origin" : "0 0 0",
			"rate" : 512,
			"speedmax" : 0
		}
	],
	"flags" : null,
	"initializer" : 
	[
		{
			"id" : 2,
			"max" : 0.69999999999999996,
			"min" : 0.40000000000000002,
			"name" : "lifetimerandom"
		},
		{
			"id" : 3,
			"max" : 10,
			"min" : 5,
			"name" : "sizerandom"
		},
		{
			"id" : 4,
			"max" : "255 11 0",
			"min" : "255 114 64",
			"name" : "colorrandom"
		},
		{
			"id" : 5,
			"max" : 1,
			"min" : 1,
			"name" : "alpharandom"
		}
	],
	"material" : "materials/presets/magic_vortex.json",
	"maxcount" : 256,
	"operator" : 
	[
		{
			"drag" : 0.5,
			"gravity" : "0 0 0",
			"id" : 7,
			"name" : "movement"
		},
		{
			"fadeintime" : 0.5,
			"id" : 8,
			"name" : "alphafade"
		},
		{
			"distanceinner" : 0,
			"distanceouter" : 32,
			"id" : 9,
			"name" : "vortex",
			"speedinner" : 0,
			"speedouter" : 3000
		},
		{
			"id" : 10,
			"name" : "controlpointattract",
			"origin" : "0 0 0",
			"scale" : -1500,
			"threshold" : 99999
		}
	],
	"renderer" : 
	[
		{
			"id" : 1,
			"length" : 0.20000000000000001,
			"name" : "ropetrail"
		}
	],
	"sequencemultiplier" : null,
	"starttime" : 0
}