{
	"camera" : 
	{
		"center" : "0.000 0.000 -1.000",
		"eye" : "0.000 0.000 0.000",
		"up" : "0.000 1.000 0.000"
	},
	"general" : 
	{
		"ambientcolor" : "0.3 0.3 0.3",
		"bloom" : false,
		"bloomstrength" : 2,
		"bloomthreshold" : 0.64999997615814209,
		"cameraparallax" : false,
		"cameraparallaxamount" : 0.5,
		"cameraparallaxdelay" : 0.10000000149011612,
		"cameraparallaxmouseinfluence" : 0,
		"camerapreview" : true,
		"camerashake" : false,
		"camerashakeamplitude" : 0.5,
		"camerashakeroughness" : 1,
		"camerashakespeed" : 3,
		"clearcolor" : "0.7 0.7 0.7",
		"clearenabled" : null,
		"orthogonalprojection" : 
		{
			"height" : 256,
			"width" : 256
		},
		"skylightcolor" : "0.3 0.3 0.3"
	},
	"objects" : 
	[
		{
			"angles" : "0.000 0.000 0.000",
			"colorBlendMode" : 0,
			"copybackground" : true,
			"depth" : 1,
			"id" : 38,
			"image" : "models/effectpreview.json",
			"name" : "",
			"origin" : "128.000 128.000 0.000",
			"parallaxDepth" : "1.000 1.000",
			"scale" : "1.000 1.000 1.000",
			"size" : "256.000 256.000",
			"visible" : true
		},
		{
			"angles" : "0.000 0.000 0.000",
			"id" : 16,
			"image" : null,
			"instanceoverride" : 
			{
				"lifetime" : 0.5
			},
			"model" : null,
			"name" : "Magic pulse",
			"origin" : "128.000 128.000 0.000",
			"parallaxDepth" : "1.000 1.000",
			"particle" : "particles/presets/magic_pulse.json",
			"scale" : "0.774 0.774 1.000",
			"visible" : true
		}
	]
}