{
	"animationmode" : "randomframe",
	"children" : null,
	"controlpoint" : 
	[
		{
			"flags" : 0,
			"id" : 0,
			"offset" : "0 0 0"
		},
		{
			"flags" : 0,
			"id" : 1,
			"offset" : "0 0 0"
		},
		{
			"flags" : 0,
			"id" : 2,
			"offset" : "0 0 0"
		},
		{
			"flags" : 0,
			"id" : 3,
			"offset" : "0 0 0"
		},
		{
			"flags" : 0,
			"id" : 4,
			"offset" : "0 0 0"
		},
		{
			"flags" : 0,
			"id" : 5,
			"offset" : "0 0 0"
		},
		{
			"flags" : 0,
			"id" : 6,
			"offset" : "0 0 0"
		},
		{
			"flags" : 0,
			"id" : 7,
			"offset" : "0 0 0"
		}
	],
	"emitter" : 
	[
		{
			"directions" : "1 0.1 0",
			"distancemax" : 64,
			"distancemin" : 0,
			"id" : 7,
			"name" : "sphererandom",
			"origin" : "0 0 0",
			"rate" : 6
		}
	],
	"flags" : 2,
	"initializer" : 
	[
		{
			"id" : 2,
			"max" : 6,
			"min" : 4,
			"name" : "lifetimerandom"
		},
		{
			"id" : 3,
			"max" : 25,
			"min" : 15,
			"name" : "sizerandom"
		},
		{
			"id" : 4,
			"max" : "255 0 0",
			"min" : "255 135 0",
			"name" : "colorrandom"
		},
		{
			"id" : 5,
			"name" : "angularvelocityrandom"
		},
		{
			"id" : 6,
			"name" : "turbulentvelocityrandom",
			"phasemax" : 1,
			"scale" : 0.20000000000000001,
			"speedmax" : 90,
			"speedmin" : 40,
			"timescale" : 0.20000000000000001
		}
	],
	"material" : "materials/presets/torchembers.json",
	"maxcount" : 20,
	"operator" : 
	[
		{
			"drag" : 0.10000000000000001,
			"gravity" : "0 10 0",
			"id" : 8,
			"name" : "movement"
		},
		{
			"fadeintime" : 0.5,
			"id" : 9,
			"name" : "alphafade"
		},
		{
			"force" : "0 0 0",
			"id" : 10,
			"name" : "angularmovement"
		}
	],
	"renderer" : 
	[
		{
			"id" : 1,
			"name" : "sprite"
		}
	],
	"sequencemultiplier" : null,
	"starttime" : 1
}