{
	"animationmode" : null,
	"children" : null,
	"controlpoint" : 
	[
		{
			"flags" : 0,
			"id" : 0,
			"offset" : "0 0 0"
		},
		{
			"flags" : 2,
			"id" : 1,
			"offset" : "512 512 0"
		},
		{
			"flags" : 0,
			"id" : 2,
			"offset" : "0 0 0"
		},
		{
			"flags" : 0,
			"id" : 3,
			"offset" : "0 0 0"
		},
		{
			"flags" : 0,
			"id" : 4,
			"offset" : "0 0 0"
		},
		{
			"flags" : 0,
			"id" : 5,
			"offset" : "0 0 0"
		},
		{
			"flags" : 0,
			"id" : 6,
			"offset" : "0 0 0"
		},
		{
			"flags" : 0,
			"id" : 7,
			"offset" : "0 0 0"
		}
	],
	"emitter" : 
	[
		{
			"directions" : "1 1 0",
			"distancemax" : 64,
			"distancemin" : 0,
			"id" : 7,
			"name" : "sphererandom",
			"origin" : "0 0 0",
			"rate" : 100
		}
	],
	"flags" : 0,
	"initializer" : 
	[
		{
			"id" : 2,
			"max" : 0.20000000000000001,
			"min" : 0.20000000000000001,
			"name" : "lifetimerandom"
		},
		{
			"id" : 3,
			"max" : 150,
			"min" : 30,
			"name" : "sizerandom"
		},
		{
			"id" : 4,
			"max" : "200 200 0",
			"min" : "-200 -200 0",
			"name" : "velocityrandom"
		},
		{
			"id" : 5,
			"max" : "255 255 255",
			"min" : "0 53 255",
			"name" : "colorrandom"
		},
		{
			"count" : 10,
			"id" : 6,
			"limitbehavior" : "mirror",
			"name" : "mapsequencebetweencontrolpoints"
		}
	],
	"material" : "materials/presets/discharge.json",
	"maxcount" : 64,
	"operator" : 
	[
		{
			"gravity" : "0 0 0",
			"id" : 8,
			"name" : "movement"
		},
		{
			"fadeintime" : 0.5,
			"id" : 9,
			"name" : "alphafade"
		}
	],
	"renderer" : 
	[
		{
			"id" : 1,
			"name" : "rope",
			"subdivision" : 0
		}
	],
	"sequencemultiplier" : null,
	"starttime" : 0
}