{
	"animationmode" : null,
	"children" : 
	[
		{
			"flags" : 0,
			"id" : 8,
			"name" : "particles/presets/lightning2glow.json",
			"origin" : "0 0 0",
			"type" : "eventspawn"
		}
	],
	"controlpoint" : 
	[
		{
			"flags" : 0,
			"id" : 0,
			"offset" : "0 0 0"
		},
		{
			"flags" : 0,
			"id" : 1,
			"offset" : "0 0 0"
		},
		{
			"flags" : 0,
			"id" : 2,
			"offset" : "0 0 0"
		},
		{
			"flags" : 0,
			"id" : 3,
			"offset" : "0 0 0"
		},
		{
			"flags" : 0,
			"id" : 4,
			"offset" : "0 0 0"
		},
		{
			"flags" : 0,
			"id" : 5,
			"offset" : "0 0 0"
		},
		{
			"flags" : 0,
			"id" : 6,
			"offset" : "0 0 0"
		},
		{
			"flags" : 0,
			"id" : 7,
			"offset" : "0 0 0"
		}
	],
	"emitter" : 
	[
		{
			"directions" : "1 0.1 0",
			"distancemax" : 512,
			"distancemin" : 0,
			"id" : 6,
			"name" : "sphererandom",
			"origin" : "0 0 0",
			"rate" : 1
		}
	],
	"flags" : 2,
	"initializer" : 
	[
		{
			"id" : 2,
			"max" : 0.5,
			"min" : 0.40000000000000002,
			"name" : "lifetimerandom"
		},
		{
			"id" : 3,
			"max" : 1200,
			"min" : 1000,
			"name" : "sizerandom"
		},
		{
			"id" : 4,
			"max" : "132 185 255",
			"min" : "198 255 255",
			"name" : "colorrandom"
		},
		{
			"id" : 5,
			"max" : "0 0 -1.6",
			"min" : "0 0 -1.5",
			"name" : "rotationrandom"
		}
	],
	"material" : "materials/presets/lightning2.json",
	"maxcount" : 8,
	"operator" : 
	[
		{
			"fadeintime" : 0.5,
			"id" : 7,
			"name" : "alphafade"
		}
	],
	"renderer" : 
	[
		{
			"id" : 1,
			"name" : "sprite"
		}
	],
	"sequencemultiplier" : null,
	"starttime" : 0
}