{
	"children" : 
	[
		{
			"id" : 12,
			"maxcount" : 20,
			"name" : "particles/presets/firefliestrail.json",
			"type" : "eventfollow"
		}
	],
	"controlpoint" : 
	[
		{
			"flags" : 0,
			"id" : 0,
			"offset" : "0 0 0"
		},
		{
			"flags" : 1,
			"id" : 1,
			"offset" : "0 0 0"
		},
		{
			"flags" : 0,
			"id" : 2,
			"offset" : "0 0 0"
		},
		{
			"flags" : 0,
			"id" : 3,
			"offset" : "0 0 0"
		},
		{
			"flags" : 0,
			"id" : 4,
			"offset" : "0 0 0"
		},
		{
			"flags" : 0,
			"id" : 5,
			"offset" : "0 0 0"
		},
		{
			"flags" : 0,
			"id" : 6,
			"offset" : "0 0 0"
		},
		{
			"flags" : 0,
			"id" : 7,
			"offset" : "0 0 0"
		}
	],
	"emitter" : 
	[
		{
			"directions" : "1 0.5 0",
			"distancemax" : 128,
			"distancemin" : 0,
			"id" : 5,
			"name" : "sphererandom",
			"origin" : "0 0 0",
			"rate" : 1
		}
	],
	"flags" : null,
	"initializer" : 
	[
		{
			"id" : 2,
			"max" : 20,
			"min" : 3,
			"name" : "lifetimerandom"
		},
		{
			"id" : 3,
			"max" : 90,
			"min" : 70,
			"name" : "sizerandom"
		},
		{
			"id" : 4,
			"max" : "174 255 106",
			"min" : "136 255 80",
			"name" : "colorrandom"
		}
	],
	"material" : "materials/presets/fireflies.json",
	"maxcount" : 10,
	"operator" : 
	[
		{
			"drag" : 2.50000000000000003,
			"gravity" : "0 0 0",
			"id" : 6,
			"name" : "movement"
		},
		{
			"fadeintime" : 0.10000000000000001,
			"fadeouttime" : 0.90000000000000002,
			"id" : 7,
			"name" : "alphafade"
		},
		{
			"frequencymax" : 20,
			"frequencymin" : 10,
			"id" : 8,
			"name" : "oscillatealpha",
			"scalemin" : 0.69999999999999996
		},
		{
			"id" : 9,
			"mask" : "1 1 0",
			"name" : "turbulence",
			"scale" : 0.01,
			"speedmax" : 50,
			"speedmin" : 30
		},
		{
			"controlpoint" : 1,
			"id" : 10,
			"name" : "controlpointattract",
			"scale" : -500,
			"threshold" : 64
		},
		{
			"frequencymax" : 1,
			"frequencymin" : 0.29999999999999999,
			"id" : 11,
			"name" : "oscillateposition",
			"scalemax" : 15,
			"scalemin" : 5
		}
	],
	"renderer" : 
	[
		{
			"id" : 1,
			"name" : "sprite"
		}
	],
	"starttime" : 15
}