{
	"animationmode" : null,
	"children" : null,
	"controlpoint" : 
	[
		{
			"flags" : 0,
			"id" : 0,
			"offset" : "0 0 0"
		},
		{
			"flags" : 0,
			"id" : 1,
			"offset" : "0 0 0"
		},
		{
			"flags" : 0,
			"id" : 2,
			"offset" : "0 0 0"
		},
		{
			"flags" : 0,
			"id" : 3,
			"offset" : "0 0 0"
		},
		{
			"flags" : 0,
			"id" : 4,
			"offset" : "0 0 0"
		},
		{
			"flags" : 0,
			"id" : 5,
			"offset" : "0 0 0"
		},
		{
			"flags" : 0,
			"id" : 6,
			"offset" : "0 0 0"
		},
		{
			"flags" : 0,
			"id" : 7,
			"offset" : "0 0 0"
		}
	],
	"emitter" : 
	[
		{
			"directions" : "1 0.2 0",
			"distancemax" : 512,
			"distancemin" : 0,
			"id" : 7,
			"name" : "sphererandom",
			"origin" : "0 0 0",
			"rate" : 1
		}
	],
	"flags" : null,
	"initializer" : 
	[
		{
			"id" : 2,
			"max" : 5,
			"min" : 3,
			"name" : "lifetimerandom"
		},
		{
			"id" : 3,
			"max" : 2200,
			"min" : 1200,
			"name" : "sizerandom"
		},
		{
			"id" : 4,
			"max" : "255 255 255",
			"min" : "255 255 255",
			"name" : "colorrandom"
		},
		{
			"id" : 5,
			"max" : "0 0 1.7",
			"min" : "0 0 1.4",
			"name" : "rotationrandom"
		},
		{
			"id" : 6,
			"max" : 0.29999999999999999,
			"min" : 0.14999999999999999,
			"name" : "alpharandom"
		}
	],
	"material" : "materials/presets/fog2.json",
	"maxcount" : 20,
	"operator" : 
	[
		{
			"gravity" : "0 0 0",
			"id" : 8,
			"name" : "movement"
		},
		{
			"fadeintime" : 0.5,
			"id" : 9,
			"name" : "alphafade"
		}
	],
	"renderer" : 
	[
		{
			"id" : 1,
			"name" : "sprite"
		}
	],
	"sequencemultiplier" : null,
	"starttime" : 2
}