{
	"name" : "ui_editor_preset_fire_title",
	"description" : "ui_editor_preset_fire_description",
	"tag" : "scene2d",
	"group" : "preset",
	"options" :
	{
		"droplistVisible" : true,
		"droplistOptions" :
		[
			{
				"label" : "Torch",
				"value" : 0
			},
			{
				"label" : "Wildfire",
				"value" : 1
			}
		]
	},
	"variants" :
	[
		{
			"preview" : "previewtorch/project.json",
			"objects" :
			[
				{
					"angles" : "0.000 0.000 0.000",
					"name" : "Fog 1",
					"origin" : "0.000 0.000 0.000",
					"particle" : "particles/presets/torch.json",
					"scale" : "1.000 1.000 1.000"
				}
			],
			"dependencies" :
			[
				"materials/presets/torch.json",
				"materials/presets/torchembers.json",
				"particles/presets/torch.json",
				"particles/presets/torchembers.json"
			]
		},
		{
			"preview" : "previewwildfire/project.json",
			"objects" :
			[
				{
					"angles" : "0.000 0.000 0.000",
					"name" : "Fog 1",
					"origin" : "0.000 0.000 0.000",
					"particle" : "particles/presets/wildfire.json",
					"scale" : "1.000 1.000 1.000"
				}
			],
			"dependencies" :
			[
				"materials/presets/wildfire.json",
				"materials/presets/wildfireembers.json",
				"particles/presets/wildfire.json",
				"particles/presets/wildfireembers.json"
			]
		}
	]
}